<?xml version="1.0" encoding="utf-8"?>
<!--Created using XmlSitemapGenerator.org - Free HTML, RSS and XML sitemap generator-->
<rss version="2.0">
  <channel>
    <title>Cetas - Digital Identity, KYC, AML ,Financial Scoring</title>
    <link>http://cetas.systems</link>
    <description />
    <item>
      <guid>http://cetas.systems/</guid>
      <title>Cetas - Digital Identity, KYC, AML ,Financial Scoring</title>
      <link>http://cetas.systems/</link>
      <description>KYC, Blockchain, AML, Credit rating, Digital Identity</description>
    </item>
  </channel>
</rss>
<!--<guid value="4a1a00ab-b94d-4083-b0e2-33400efd7d7e" />-->
<!--Created using XmlSitemapGenerator.org - Free HTML, RSS and XML sitemap generator-->